"zpid","price","address","bedrooms","bathrooms","sqft","price_per_sqft","property_type","status","latitude","longitude","state","region","hoa","mls_number","parking_garage","description","days_on_market","year_built","acreage","front_photo","image_path","link","scraped_at"
"402595313","$1,425,000","460 Upper Station Camp Creek Rd, Gallatin, TN 37066","4","3","3,185",447.41,"Single Family","For Sale",36.39748,-86.56072,"TN","Gallatin",NA,"3045522Skip","Carport","November 16, 2025 at 02:04pmListing Provided by:Justin Tucker 615-906-8458,Platinum Realty Partners, LLC 615-906-2129","7","2022",NA,"https://photos.zillowstatic.com/fp/4dff87a5713b987022bf15b252f758d0-zillow_web_48_23.jpg","property_images/402595313_img1.jpg","https://www.zillow.com/homedetails/460-Upper-Station-Camp-Creek-Rd-Gallatin-TN-37066/402595313_zpid/",2025-11-20 16:21:42.349656
"80344501","$589,900","781 Harden St, Gallatin, TN 37066","3","4","2,175",271.22,"Single Family","For Sale",36.384144,-86.39262,"TN","Gallatin",NA,"3047425","Carport","Step into a home that feels brand new—every surface renewed, every room reimagined, every detail curated with intention. This complete renovation delivers modern luxury, flexible living, and a lifestyle that feels elevated from the very first step inside. Set outside the city limits with NO HOA, it’s the kind of property that gives you freedom and sophistication in one rare package. The overhaul includes a new roof, new windows, new flooring, new doors, new gutters, and all-new lighting with add",NA,"1981","19810.93","https://photos.zillowstatic.com/fp/4dff87a5713b987022bf15b252f758d0-zillow_web_48_23.jpg","property_images/80344501_img1.jpg","https://www.zillow.com/homedetails/781-Harden-St-Gallatin-TN-37066/80344501_zpid/",2025-11-20 16:21:42.349656
"2062782807","$1,049,900","170 Upper Station Camp Creek Rd, Gallatin, TN 37066","3","2","2,386",440.03,"Single Family","For Sale",36.38875,-86.5585,"TN","Gallatin",NA,"3039139","Carport","Welcome to your private country retreat minutes from Liberty Creek Schools - No HOA - Beautiful one-level ranch home perfectly situated on 7.04 Acres, 12x36 Barn w Elec/Water, 30x60 Detached Garage/Shop/Accessory Dwelling Unit on Sep Meter w Office, Den & 1/2 Bath (450 sf not counted in Main SF) ideal for a home business, guest suite, or studio! Seasonal Pond & year-round creek flows behind the home, Wood Burning Brick Fireplace, Spacious Family Rm, Eat in Kitchen w/ Granite Countertops, brand n",NA,"1998","19987.04","https://photos.zillowstatic.com/fp/4dff87a5713b987022bf15b252f758d0-zillow_web_48_23.jpg","property_images/2062782807_img1.jpg","https://www.zillow.com/homedetails/170-Upper-Station-Camp-Creek-Rd-Gallatin-TN-37066/2062782807_zpid/",2025-11-20 16:22:03.541748
"42397598","$310,000","211 Park Ave, Gallatin, TN 37066","3","2","1,365",227.11,"Single Family","For Sale",36.380802,-86.44062,"TN","Gallatin",NA,"3045839","Carport","Welcome Home! The perfect spot for First Time Homebuyers or anyone looking for comfort and convenience in the heart of Gallatin. This charming home offers three bedrooms, two full baths and a bright and easy flow floor plan. Enjoy a spacious backyard that's ideal for relaxing, entertaining, or letting the kids and pets run around. With a central location just minutes from shopping restaurants schools and everything Gallatin has to offer. This one checks off all the boxes. Move in ready and full ",NA,"1950","19500.25","https://photos.zillowstatic.com/fp/4dff87a5713b987022bf15b252f758d0-zillow_web_48_23.jpg","property_images/42397598_img1.jpg","https://www.zillow.com/homedetails/211-Park-Ave-Gallatin-TN-37066/42397598_zpid/",2025-11-20 16:22:03.541748
"42391004","$659,900","131 Grandview Cir, Gallatin, TN 37066","3","4","3,516",187.68,"Single Family","For Sale",36.41486,-86.418335,"TN","Gallatin",NA,"3042449","3","Premier Location-Not the Typical Subdivision-No Asso Fees-Each House is a Unique Custom Build-All Brick-One Owner-3516 Sq Ft of Luxury Lifestyle w/Granite/Tile/Hardwoods/ Extensive Millwork includes Crown Moulding-Formal Dining-Huge Bonus over 3 Car Garage-Covered Patio-Casual Morning Area",NA,"2005","20050.37","https://photos.zillowstatic.com/fp/4dff87a5713b987022bf15b252f758d0-zillow_web_48_23.jpg","property_images/42391004_img1.jpg","https://www.zillow.com/homedetails/131-Grandview-Cir-Gallatin-TN-37066/42391004_zpid/",2025-11-20 16:22:35.467745
"42407045","$599,900","119 Grassland Dr, Gallatin, TN 37066","3","2","3,201",187.41,"Single Family","For Sale",36.310246,-86.51818,"TN","Gallatin",NA,"3016060","Carport","Opportunity awaits! This solidly built home is being sold as-is and priced accordingly—ready for your personal touch. With 1.2 acres, mature trees, and a view of the lake, the potential is endless. The home features a walk-out basement, two fireplaces, and sits in a fantastic location between Hendersonville and Gallatin—just minutes from restaurants, shops, parks, golf, and a nearby boat ramp. Major systems have been updated 2-3 yrs ago, including HVACs, water heater, dishwasher, and refrigerato",NA,"1986","19861.2","https://photos.zillowstatic.com/fp/4dff87a5713b987022bf15b252f758d0-zillow_web_48_23.jpg","property_images/42407045_img1.jpg","https://www.zillow.com/homedetails/119-Grassland-Dr-Gallatin-TN-37066/42407045_zpid/",2025-11-20 16:22:35.467745
"103824110","$2,274,000","2024 Albatross Way, Gallatin, TN 37066","4","5","4,328",525.42,"Single Family","For Sale",36.344753,-86.5065,"TN","Gallatin","29","2938723","Carport","** Preferred lender credit up to $10,000 towards loan closing costs, rate buy down, or both. Welcome to 2024 Albatross Way — a beautifully maintained lake home located in one of Gallatin's most desirable neighborhoods. This stunning residence offers the perfect blend of comfort, style, and functionality, ideal for families, professionals, or anyone looking for a serene lake lifestyle with easy access to city conveniences. New Shared dock added in 2024 with your own private slip right in your bac",NA,"2018",NA,"https://photos.zillowstatic.com/fp/4dff87a5713b987022bf15b252f758d0-zillow_web_48_23.jpg","property_images/103824110_img1.jpg","https://www.zillow.com/homedetails/2024-Albatross-Way-Gallatin-TN-37066/103824110_zpid/",2025-11-20 16:23:20.48739
"458310058","$1,083,900+","Buildable plan: Gaston, Bellsford Landing, Gallatin, TN 37066","4","3","3,426",316.37,"Single Family","For Sale",36.330112,-86.52648,"TN","Gallatin","54","10287","Attached Garage","This plan offers the perfect blend of functionality and charm. Step inside to an open-concept living area anchored by a beautiful stone gas fireplace, seamlessly flowing into a custom kitchen featuring high end countertops, custom cabinetry, double ovens, a gas cooktop and a spacious walk-in pantry. Every bathroom boasts quartz countertops, upgraded Delta plumbing fixtures, and elegant tile flooring and shower walls for a luxury experience. Designed for everyday ease, the Gaston Plan includes a ","3","2025",NA,"","property_images/458310058_img1.jpg","https://www.zillow.com/community/bellsford-landing/458310058_zpid/",2025-11-20 16:23:20.48739
"306474858","$628,000","1423 Overcheck Ln, Gallatin, TN 37066","4","3","2,697",232.85,"Single Family","For Sale",36.361008,-86.51418,"TN","Gallatin","89","3037310","Carport","Gourgeous, newer build, 4BR, home in the wonderful Kennesaw farms neighborhood! All brick, located on a cul-de-sac and has all new landscaping around the home! Open floor plan concept with a primary and guest bedroom on the main floor, formal dining room, large living room with gas fireplace, eat in kitchen with a very large granite island and countertops, an abundance of cabinets along with a pantry area! SS appliances will stay along with the washer and dryer! Primary bath has double vanities,",NA,"2020","20200.34","https://photos.zillowstatic.com/fp/4dff87a5713b987022bf15b252f758d0-zillow_web_48_23.jpg","property_images/306474858_img1.jpg","https://www.zillow.com/homedetails/1423-Overcheck-Ln-Gallatin-TN-37066/306474858_zpid/",2025-11-20 16:23:50.35234
"457187129","$1,750,000","149 Upper Station Camp Creek Rd, Gallatin, TN 37066","3","4","4,887",358.09,"Single Family","For Sale",36.38813,-86.562645,"TN","Gallatin",NA,"3011426","Carport","Stately Custom Brick Home on 5 Gorgeous Acres Tucked away on 5 level, usable acres—but just minutes from shopping and dining—this full brick, custom-built estate offers space, privacy, and endless flexibility. From the moment you arrive, the craftsmanship stands out, with rich finished wood floors, multiple living and working spaces, and two full laundry rooms to make everyday life a breeze. Inside, you'll find generously sized rooms to suit every need—whether it's entertaining, relaxing, or wor",NA,"2002","20025.01","https://photos.zillowstatic.com/fp/4dff87a5713b987022bf15b252f758d0-zillow_web_48_23.jpg","property_images/457187129_img1.jpg","https://www.zillow.com/homedetails/149-Upper-Station-Camp-Creek-Rd-Gallatin-TN-37066/457187129_zpid/",2025-11-20 16:23:50.35234
"62885183","$649,900","1245 Amherst Ct, Gallatin, TN 37066","3","3","2,805",231.69,"Single Family","For Sale",36.395264,-86.50339,"TN","Gallatin","23","3033720","Carport","This stunning all brick and stone property offers timeless elegance and modern comfort. Boasting over 2,800 square feet of meticulously designed living space, this 3-bedroom, 2.5-bath home is perfect for families of all sizes. The chef's kitchen features granite countertops, custom cabinetry, and double gas ovens, making it an entertainer's delight. Granite also graces the bathrooms, adding a touch of luxury. The spacious interior is highlighted by new flooring and lush throughout, offering a fr",NA,"2003","20030.34","https://photos.zillowstatic.com/fp/4dff87a5713b987022bf15b252f758d0-zillow_web_48_23.jpg","property_images/62885183_img1.jpg","https://www.zillow.com/homedetails/1245-Amherst-Ct-Gallatin-TN-37066/62885183_zpid/",2025-11-20 16:24:22.317342
"2086761970","$475,000","183 Cape Private Cir, Gallatin, TN 37066","3","3","2,616",181.57,"Townhouse","For Sale",36.34133,-86.51296,"TN","Gallatin","275","3030603","Carport","Bright and spacious, this 3-bed, 2.5-bath townhouse in Foxland Harbor offers approximately 2,616 sq ft with a primary suite on the main level—ideal for easy, first-floor living. An open, light-filled floor plan pairs with abundant closet storage throughout, creating everyday comfort and flexibility. Thoughtful upgrades elevate the home: a renovated primary bath for a fresh, modern feel; automatic window blinds for convenience and privacy; a new oven in the kitchen; and upgraded closets in the up",NA,"2018",NA,"https://photos.zillowstatic.com/fp/4dff87a5713b987022bf15b252f758d0-zillow_web_48_23.jpg","property_images/2086761970_img1.jpg","https://www.zillow.com/homedetails/183-Cape-Private-Cir-Gallatin-TN-37066/2086761970_zpid/",2025-11-20 16:24:22.317342
"449906144","$292,990+","Buildable plan: Roxbury, McCain's Station Townhomes, Gallatin, TN 37066","3","3","1,503",194.94,"Single Family","For Sale",36.3613,-86.5364,"TN","Gallatin",NA,"10287","Attached Garage","Welcome home to McCain's Station Townhomes, where you can finally own a piece of the Hendersonville lifestyle without the hefty price tag! Enjoy a spacious townhome with a 1-car garage and upgraded finishes just seconds to Vietnam Vets Blvd for easy access to everything you need in Hendersonville and beyond. The Roxbury features 3 bedrooms, 2.5 bathrooms, and 1503 square feet of space in an open and welcoming floorplan. The modern, open-concept main level features a spacious kitchen, dining room","55","2025",NA,"","property_images/449906144_img1.jpg","https://www.zillow.com/community/mccain-s-station-townhomes/449906144_zpid/",2025-11-20 16:25:02.814763
"2059125829","$495,000","378 Triple Crown Cir, Gallatin, TN 37066","4","3","2,397",206.51,"Single Family","For Sale",36.37858,-86.50958,"TN","Gallatin","96","3015372","Carport","Next best thing to new! With preferred lender giving up to $3000 toward closing costs! Step into comfort reimagined. This stunning 4-bedroom, 3-bath home offers everything today’s homebuyer is looking for—and more, with over $60,000 in premium upgrades woven throughout. Home is only 2 years old! Comes with builder warranties. Home Highlights & Upgrades: Spacious layout: 4 generous bedrooms & 3 full baths—perfect for families, guests, or a home office. Luxuriously upgraded finishes come at a grea",NA,"2023",NA,"https://photos.zillowstatic.com/fp/4dff87a5713b987022bf15b252f758d0-zillow_web_48_23.jpg","property_images/2059125829_img1.jpg","https://www.zillow.com/homedetails/378-Triple-Crown-Cir-Gallatin-TN-37066/2059125829_zpid/",2025-11-20 16:25:02.814763
"457944832","$270,000","1004 Elliott Williams Pvt Way, Gallatin, TN 37066","3","3","1,359",198.68,"Single Family","For Sale",36.390156,-86.45903,"TN","Gallatin","125","information","Carport","You can own the model home! Discover the perfect blend of modern living and small-town charm at The Towns at Red River. Located near the historic town square, shopping, restaurants & all that Gallatin has to offer, we're just a quick 30-minute drive to Downtown Nashville. Spacious interiors designed for seamless flow and versatility, creating an inviting atmosphere for both everyday living and entertaining. The open-concept kitchen features quartz countertops, stainless steel appliances and styl","16","2025",NA,"","property_images/457944832_img1.jpg","https://www.zillow.com/homedetails/1004-Elliott-Williams-Pvt-Way-Gallatin-TN-37066/457944832_zpid/",2025-11-20 16:25:46.935797
"42390934","$814,900","161 Graystone Dr, Gallatin, TN 37066","4","4","4,249",191.79,"Single Family","For Sale",36.41426,-86.41441,"TN","Gallatin",NA,"2906837","Carport","This stunning brick ranch home, situated on a spacious 2.15-acre corner lot, offers both comfort and functionality with its expansive layout and inviting features. Boasting 4 generously sized bedrooms, each with walk-in closets, and 3.5 beautifully appointed bathrooms, this home is designed for modern living. The finished basement could easily be transformed into in-law quarters, providing additional privacy and space. A two-car garage and a fenced area perfect for children or pets add to the ho",NA,"1987","19872.15","https://photos.zillowstatic.com/fp/4dff87a5713b987022bf15b252f758d0-zillow_web_48_23.jpg","property_images/42390934_img1.jpg","https://www.zillow.com/homedetails/161-Graystone-Dr-Gallatin-TN-37066/42390934_zpid/",2025-11-20 16:25:46.935797
"452968129","$569,889","471 Triple Crown Cir LOT 106, Gallatin, TN 37066","5","4","2,816",202.38,"Single Family","For Sale",36.378708,-86.50683,"TN","Gallatin","96","3041541Travel","Attached Garage","Stunning New floor plan in Kensington Downs - A Must-See! The Colburn! This brand-new, single-family home in the desirable Kensington Downs community blends modern luxury with comfortable living. With 5 spacious bedrooms, 4 bathrooms, a study, and a versatile loft space, this home offers everything you need to live and entertain in style. The Colburn plan is perfect for growing families or those who need extra space for guests and hobbies. With a quiet, private area ideal for a home office or st","14","2025",NA,"https://photos.zillowstatic.com/fp/4dff87a5713b987022bf15b252f758d0-zillow_web_48_23.jpg","property_images/452968129_img1.jpg","https://www.zillow.com/homedetails/471-Triple-Crown-Cir-LOT-106-Gallatin-TN-37066/452968129_zpid/",2025-11-20 16:26:28.875805
"345206912","$435,000","348 Winston Way, Gallatin, TN 37066","3","3","1,813",239.93,"Single Family","For Sale",36.393154,-86.47611,"TN","Gallatin","54","3030684","Carport","You won't want to miss this amazing opportunity. This one-year old property is better than new and moving-in ready!!! Beautiful living room with custom stone electric fireplace. Gourmet kitchen with large island. Master bedroom features a custom stone fireplace, master bath with double vanity, shower ,soaking tub and a big walk-in closet. Private fenced backyard with covered porch and extra concrete on the side with storage shed.",NA,"2024",NA,"https://photos.zillowstatic.com/fp/4dff87a5713b987022bf15b252f758d0-zillow_web_48_23.jpg","property_images/345206912_img1.jpg","https://www.zillow.com/homedetails/348-Winston-Way-Gallatin-TN-37066/345206912_zpid/",2025-11-20 16:26:28.875805
"124030038","$695,000","1016 Baxter Ln, Gallatin, TN 37066","4","3","2,475",280.81,"Single Family","For Sale",36.35119,-86.501625,"TN","Gallatin","63","3049079","Carport","This meticulously maintained, one owner home offers an open floor plan with mostly one-level living and a private second level suite with full bath. The kitchen features a double oven and gas cooktop, an abundance of cabinets and counter space, and overlooks the dining and living room making it ideal for everyday cooking or hosting. The beautiful light filled primary suite with tray ceiling features an on suite bath with separate shower and tub, incredible storage and an oversized walk-in closet",NA,"2013",NA,"https://photos.zillowstatic.com/fp/4dff87a5713b987022bf15b252f758d0-zillow_web_48_23.jpg","property_images/124030038_img1.jpg","https://www.zillow.com/homedetails/1016-Baxter-Ln-Gallatin-TN-37066/124030038_zpid/",2025-11-20 16:27:01.072621
"103854655","$725,000","1009 Broughton Pl, Gallatin, TN 37066","4","4","2,910",249.14,"Single Family","For Sale",36.29992,-86.52882,"TN","Gallatin","130","3049072","Carport","Listed well below appraised value! Beautiful all-brick home located in the gated Five Coves Trace community. Situated at the end of a quiet cul-de-sac, this property offers 4 bedrooms, 3.5 baths and a large bonus room, including a primary suite on the main level with a recently renovated shower. Features include hardwood flooring in main living areas, new plush carpet in bedrooms, and tile in all wet areas. The kitchen offers granite countertops, custom cabinetry, and stainless-steel appliances ",NA,"2013","20130.31","https://photos.zillowstatic.com/fp/4dff87a5713b987022bf15b252f758d0-zillow_web_48_23.jpg","property_images/103854655_img1.jpg","https://www.zillow.com/homedetails/1009-Broughton-Pl-Gallatin-TN-37066/103854655_zpid/",2025-11-20 16:27:01.072621
"337890687","$425,000","5045 Percival Dr, Gallatin, TN 37066","4","3","2,221",191.36,"Townhouse","For Sale",36.342712,-86.51987,"TN","Gallatin","345","3015385","Carport","Tucked inside a cozy, active neighborhood, this 4 bedroom, 3 full bath home with a loft and 2-car garage puts everyday convenience and weekend fun within easy reach. Ideally located between Gallatin and Hendersonville, you’re under 15 minutes to either—perfect for commuting, dinner with friends, or shopping. Old Hickory Lake and nearby marinas offer quick access to boat days and lakeside dining. Only four years old and it still shows like new. Low maintenance - exterior maintained by HOA. Inside",NA,"2021",NA,"https://photos.zillowstatic.com/fp/4dff87a5713b987022bf15b252f758d0-zillow_web_48_23.jpg","property_images/337890687_img1.jpg","https://www.zillow.com/homedetails/5045-Percival-Dr-Gallatin-TN-37066/337890687_zpid/",2025-11-20 16:27:31.284143
"126361748","$419,900","108 Bellingdon Dr, Gallatin, TN 37066","2","2","1,503",279.37,"Single Family","For Sale",36.355556,-86.50006,"TN","Gallatin",NA,"2971948","2","Fresh paint and new carpet make this home move in ready for you! Enjoy all the original model home upgrades, in this lovely, end unit cottage in the Retreat at Fairvue. Terrific chef's kitchen with large pantry, upgraded countertops and backsplash, and under the cabinet lighting. Elegant crown molding, wood window moldings, and engineered wood floors make this home a real beauty. The end unit provides you with 6 extra windows! The separate study, den, or sunroom + 2 bedrooms, are all located on ",NA,"2015",NA,"","property_images/126361748_img1.jpg","https://www.zillow.com/homedetails/108-Bellingdon-Dr-Gallatin-TN-37066/126361748_zpid/",2025-11-20 16:27:31.284143
"2055192513","$384,990+","Buildable plan: EDMON, Nexus North, Gallatin, TN 37066","4","3","1,821",211.42,"Single Family","For Sale",36.40802,-86.46053,"TN","Gallatin",NA,"10287","Carport","The Edmon is a two-story, 4-bedroom, 2.5-bath single-family home located in Nexus North, Gallatin, TN. With 1,812 sq ft of well-designed living space, this modern home offers both comfort and functionality. The kitchen features quartz countertops, Whirlpool stainless steel appliances, and brand-new cabinetry. It opens to a separate dining area overlooking the patio, perfect for meals or entertaining. The open layout continues into a spacious living room, with a convenient half bath nearby. Upsta","39","2025",NA,"","property_images/2055192513_img1.jpg","https://www.zillow.com/community/nexus-north/2055192513_zpid/",2025-11-20 16:28:30.013666
"452111904","$324,460","462 Bishop Blvd LOT 416, Gallatin, TN 37066","3","3","1,511",214.73,"Townhouse","For Sale",36.384144,-86.4923,"TN","Gallatin","170","3038359Travel","1","Thanksgiving Price Drop!!! Welcome Home to the Savannah Floorplan! This craftsman townhome features a stunning brick and James Hardie exterior with a covered front porch, 1 Car Garage and private back patio. Step inside the home where you will find an entry foyer complete with coat closet and arched openings that lead you down the hall to the open kitchen, flex area and living room. The spacious kitchen includes a pantry and an optional island.Seller's Closing Costs special available with use of","18","2025",NA,"https://photos.zillowstatic.com/fp/4dff87a5713b987022bf15b252f758d0-zillow_web_48_23.jpg","property_images/452111904_img1.jpg","https://www.zillow.com/homedetails/462-Bishop-Blvd-LOT-416-Gallatin-TN-37066/452111904_zpid/",2025-11-20 16:28:30.013666
"452052759","$464,990","2160 Mackinac Bnd, Gallatin, TN 37066","4","3","2,618",177.61,"Single Family","For Sale",36.41687,-86.46259,"TN","Gallatin",NA,"information","Carport","This home is based on the SALEM plan. Welcome to the Salem at 2160 Mackinac Bend, a new home at Nexus North in Gallatin, TN. With 2,618 sq ft, 4 bedrooms, and a 2-car garage, this spacious floorplan is perfect for growing families, empty nesters, or anyone seeking room to live and grow. Step inside to find a formal dining room just off the entry, easily adaptable as a home office or second living space. The open-concept kitchen and dining area form the heart of the home, creating a bright, conne","20","2025",NA,"","property_images/452052759_img1.jpg","https://www.zillow.com/homedetails/2160-Mackinac-Bnd-Gallatin-TN-37066/452052759_zpid/",2025-11-20 16:29:09.837575
"2106372065","$230,670","0 Peach Valley Rd, Gallatin, TN 37066",NA,NA,NA,NA,NA,"For Sale",36.34318,-86.44589,"TN","Gallatin",NA,"2820561","Carport","This property is less than one mile from Hwy 109 and within walking distance to Old Hickory Lake. Purchase includes the adjoining .32 acre parcel (tax ID 148 083.03). Deed restrictions allow only 2 homes per acre, minimum 4000 sf, brick or hardie board, no garages fronting PVR. A roof top deck may provide lake views. The sewer tap is ~600 ft north on Woods Ferry Rd.",NA,NA,"2.33","https://photos.zillowstatic.com/fp/4dff87a5713b987022bf15b252f758d0-zillow_web_48_23.jpg","property_images/2106372065_img1.jpg","https://www.zillow.com/homedetails/0-Peach-Valley-Rd-Gallatin-TN-37066/2106372065_zpid/",2025-11-20 16:29:09.837575
"457962424","$469,900","104 Rock Chimney Rd LOT 7, Gallatin, TN 37066","3","3","2,155",218.05,"Single Family","For Sale",36.35595,-86.44331,"TN","Gallatin","30","3039823Travel","Attached Garage","The Logan is built to fit your lifestyle – don’t miss your chance to make it yours! The open-concept design features a spacious living room, eat-in kitchen with ample cabinet storage, perfect for gatherings. A dedicated downstairs study with a walk-in closet offers the ideal home office or flex space. Upstairs, the versatile bonus room can instead be selected as a fourth bedroom when building, while the expansive owner’s suite boasts an extra-large walk-in closet. Offering 3% towards closing cos","15","2025",NA,"https://photos.zillowstatic.com/fp/4dff87a5713b987022bf15b252f758d0-zillow_web_48_23.jpg","property_images/457962424_img1.jpg","https://www.zillow.com/homedetails/104-Rock-Chimney-Rd-LOT-7-Gallatin-TN-37066/457962424_zpid/",2025-11-20 16:29:54.263812
"457969213","$359,990","324 Apollo Way, Gallatin, TN 37066","3","2","1,550",232.25,"Single Family","For Sale",36.406055,-86.46617,"TN","Gallatin","256","3040057","Carport","Welcome to Nexus South 55+ Introducing \"The Jennings\" floorplan a thoughtfully designed single-story home offering 1,550 sq ft of modern, efficient living, 3 bedrooms, this versatile layout suits a variety of lifestyles. The primary suite includes a walk-in closet and private ensuite bathroom for comfort and privacy. Bathrooms feature sleek quartz countertops, adding a touch of luxury. The open-concept design seamlessly connects the living, dining, and kitchen areas, ideal for everyday living an",NA,"2025",NA,"https://photos.zillowstatic.com/fp/4dff87a5713b987022bf15b252f758d0-zillow_web_48_23.jpg","property_images/457969213_img1.jpg","https://www.zillow.com/homedetails/324-Apollo-Way-Gallatin-TN-37066/457969213_zpid/",2025-11-20 16:29:54.263812
"453317448","$464,990+","Buildable plan: Whitley, Bledsoe Springs, Gallatin, TN 37066","4","2","2,744",169.46,"Single Family","For Sale",36.400463,-86.39568,"TN","Gallatin",NA,"10287","Carport","Introducing the Whitley floorplan, a beautiful 2-story home with 2-5 bedrooms, 2-3.5 bathrooms, and 2,744-2,744 square feet of living space. Welcome to Bledsoe Springs, the only new home community on the east side of Gallatin where you can choose your own luxury finishes. Bledsoe Springs offers the best of both worlds&mdash;perfectly positioned between downtown Gallatin and the scenic Bledsoe Creek State Park. You'll be just minutes from everyday conveniences and some of Tennessee's finest hikin","45","2025",NA,"","property_images/453317448_img1.jpg","https://www.zillow.com/community/bledsoe-springs/453317448_zpid/",2025-11-20 16:30:34.68209
"457656133","$579,545","414 Rawling Ln LOT 163, Gallatin, TN 37066","4","4","2,606",222.39,"Single Family","For Sale",36.36779,-86.53388,"TN","Gallatin","35","3032833","Carport","Welcome to The Russell, a stunning home designed for modern living. This home features 4 bedrooms, including a lower-level primary suite, and 3.5 bathrooms. Enjoy a dedicated study on the lower level, a designer kitchen with gas range, quartz countertops, spacious pantry, and a fireplace in the great room. Relax on the covered deck or entertain in the open, inviting spaces. Conveniently located near shopping, dining, and entertainment in the highly desirable Station Camp School District. Money-s",NA,"2025",NA,"https://photos.zillowstatic.com/fp/4dff87a5713b987022bf15b252f758d0-zillow_web_48_23.jpg","property_images/457656133_img1.jpg","https://www.zillow.com/homedetails/414-Rawling-Ln-LOT-163-Gallatin-TN-37066/457656133_zpid/",2025-11-20 16:30:34.68209
"450590775","$413,990+","Buildable plan: White Oak, Nexus - Park Collection, Gallatin, TN 37066","3","3","2,172",190.6,"Single Family","For Sale",36.408485,-86.46106,"TN","Gallatin",NA,"10287","Carport","Comfort and luxury inspire every lifestyle refinement of The White Oak floor plan by David Weekley Homes. A multi-function island and expansive view of the sunny living and dining spaces contribute to the culinary layout of the glamorous kitchen. Refresh and relax in the Owner's Retreat, complete with an en suite Owner's Bath and walk-in closet. A pair of junior bedrooms provide ample privacy and a shared full bathroom. The upstairs retreat offers a great place to enjoy fun-filled evenings with ","43","2025",NA,"","property_images/450590775_img1.jpg","https://www.zillow.com/community/nexus-park-collection/450590775_zpid/",2025-11-20 16:31:27.223997
"453314476","$429,990+","Buildable plan: Findlay II, Bledsoe Springs, Gallatin, TN 37066","3","3","2,324",185.02,"Single Family","For Sale",36.400463,-86.39568,"TN","Gallatin",NA,"10287","Carport","Welcome home to the Findlay II! This impressive 2-story design offers 3-4 bedrooms, 2.5 bathrooms, and more than 2,300 square feet of thoughtfully crafted living space that blends comfort with style. Welcome to Bledsoe Springs, the only new home community on the east side of Gallatin where you can choose your own luxury finishes. Bledsoe Springs offers the best of both worlds&mdash;perfectly positioned between downtown Gallatin and the scenic Bledsoe Creek State Park. You'll be just minutes from","63","2025",NA,"","property_images/453314476_img1.jpg","https://www.zillow.com/community/bledsoe-springs/453314476_zpid/",2025-11-20 16:31:27.223997
"42393193","$189,999","323 N Ford St, Gallatin, TN 37066",NA,NA,NA,NA,"Single Family","For Sale",36.393585,-86.45921,"TN","Gallatin",NA,"3000630","Carport","Lot is zoned to build 2 attached or detached single family homes. Plans and build is available to approved buyers.",NA,NA,"0.29","https://photos.zillowstatic.com/fp/4dff87a5713b987022bf15b252f758d0-zillow_web_48_23.jpg","property_images/42393193_img1.jpg","https://www.zillow.com/homedetails/323-N-Ford-St-Gallatin-TN-37066/42393193_zpid/",2025-11-20 16:31:51.043051
"349694390","$209,900","1028 Tiane Trl, Gallatin, TN 37066",NA,NA,NA,NA,NA,"For Sale",36.41155,-86.40368,"TN","Gallatin","45","2758174","Carport","Back to searchSaveShareHideMoreActive See all 10 photos$209,9001028 Tiane Trl, Gallatin, TN 37066--beds--baths0.34AcresUnimproved LandBuilt in ----0.34 Acres Lot$-- Zestimate®$--/sqft$45/mo HOAWhat's special375 dayson Zillow|4views|1save|LoadingContact agentLoading",NA,NA,"0.34","https://photos.zillowstatic.com/fp/4dff87a5713b987022bf15b252f758d0-zillow_web_48_23.jpg","property_images/349694390_img1.jpg","https://www.zillow.com/homedetails/1028-Tiane-Trl-Gallatin-TN-37066/349694390_zpid/",2025-11-20 16:31:51.043051
"402595313","$1,425,000","460 Upper Station Camp Creek Rd, Gallatin, TN 37066","4","3","3,185",447.41,"Single Family","For Sale",36.39748,-86.56072,"TN","Gallatin",NA,"3045522Skip","Carport","November 16, 2025 at 02:04pmListing Provided by:Justin Tucker 615-906-8458,Platinum Realty Partners, LLC 615-906-2129","7","2022",NA,"https://photos.zillowstatic.com/fp/4dff87a5713b987022bf15b252f758d0-zillow_web_48_23.jpg","property_images/402595313_img1.jpg","https://www.zillow.com/homedetails/460-Upper-Station-Camp-Creek-Rd-Gallatin-TN-37066/402595313_zpid/",2025-11-20 16:32:40.048861
"80344501","$589,900","781 Harden St, Gallatin, TN 37066","3","4","2,175",271.22,"Single Family","For Sale",36.384144,-86.39262,"TN","Gallatin",NA,"3047425","Carport","Step into a home that feels brand new—every surface renewed, every room reimagined, every detail curated with intention. This complete renovation delivers modern luxury, flexible living, and a lifestyle that feels elevated from the very first step inside. Set outside the city limits with NO HOA, it’s the kind of property that gives you freedom and sophistication in one rare package. The overhaul includes a new roof, new windows, new flooring, new doors, new gutters, and all-new lighting with add",NA,"1981","19810.93","https://photos.zillowstatic.com/fp/4dff87a5713b987022bf15b252f758d0-zillow_web_48_23.jpg","property_images/80344501_img1.jpg","https://www.zillow.com/homedetails/781-Harden-St-Gallatin-TN-37066/80344501_zpid/",2025-11-20 16:32:40.048861
"402595313","$1,425,000","460 Upper Station Camp Creek Rd, Gallatin, TN 37066","4","3","3,185",447.41,"Single Family","For Sale",36.39748,-86.56072,"TN","Gallatin",NA,"3045522Skip","Carport","November 16, 2025 at 02:04pmListing Provided by:Justin Tucker 615-906-8458,Platinum Realty Partners, LLC 615-906-2129","7","2022",NA,"https://photos.zillowstatic.com/fp/4dff87a5713b987022bf15b252f758d0-zillow_web_48_23.jpg","property_images/402595313_img1.jpg","https://www.zillow.com/homedetails/460-Upper-Station-Camp-Creek-Rd-Gallatin-TN-37066/402595313_zpid/",2025-11-20 16:33:29.373903
"80344501","$589,900","781 Harden St, Gallatin, TN 37066","3","4","2,175",271.22,"Single Family","For Sale",36.384144,-86.39262,"TN","Gallatin",NA,"3047425","Carport","Step into a home that feels brand new—every surface renewed, every room reimagined, every detail curated with intention. This complete renovation delivers modern luxury, flexible living, and a lifestyle that feels elevated from the very first step inside. Set outside the city limits with NO HOA, it’s the kind of property that gives you freedom and sophistication in one rare package. The overhaul includes a new roof, new windows, new flooring, new doors, new gutters, and all-new lighting with add",NA,"1981","19810.93","https://photos.zillowstatic.com/fp/4dff87a5713b987022bf15b252f758d0-zillow_web_48_23.jpg","property_images/80344501_img1.jpg","https://www.zillow.com/homedetails/781-Harden-St-Gallatin-TN-37066/80344501_zpid/",2025-11-20 16:33:29.373903
"402595313","$1,425,000","460 Upper Station Camp Creek Rd, Gallatin, TN 37066","4","3","3,185",447.41,"Single Family","For Sale",36.39748,-86.56072,"TN","Gallatin",NA,"3045522Skip","Carport","November 16, 2025 at 02:04pmListing Provided by:Justin Tucker 615-906-8458,Platinum Realty Partners, LLC 615-906-2129","7","2022",NA,"https://photos.zillowstatic.com/fp/4dff87a5713b987022bf15b252f758d0-zillow_web_48_23.jpg","property_images/402595313_img1.jpg","https://www.zillow.com/homedetails/460-Upper-Station-Camp-Creek-Rd-Gallatin-TN-37066/402595313_zpid/",2025-11-20 16:34:49.231589
"80344501","$589,900","781 Harden St, Gallatin, TN 37066","3","4","2,175",271.22,"Single Family","For Sale",36.384144,-86.39262,"TN","Gallatin",NA,"3047425","Carport","Step into a home that feels brand new—every surface renewed, every room reimagined, every detail curated with intention. This complete renovation delivers modern luxury, flexible living, and a lifestyle that feels elevated from the very first step inside. Set outside the city limits with NO HOA, it’s the kind of property that gives you freedom and sophistication in one rare package. The overhaul includes a new roof, new windows, new flooring, new doors, new gutters, and all-new lighting with add",NA,"1981","19810.93","https://photos.zillowstatic.com/fp/4dff87a5713b987022bf15b252f758d0-zillow_web_48_23.jpg","property_images/80344501_img1.jpg","https://www.zillow.com/homedetails/781-Harden-St-Gallatin-TN-37066/80344501_zpid/",2025-11-20 16:34:49.231589
"402595313","$1,425,000","460 Upper Station Camp Creek Rd, Gallatin, TN 37066","4","3","3,185",447.41,"Single Family","For Sale",36.39748,-86.56072,"TN","Gallatin",NA,"3045522Skip","Carport","November 16, 2025 at 02:04pmListing Provided by:Justin Tucker 615-906-8458,Platinum Realty Partners, LLC 615-906-2129","7","2022",NA,"https://photos.zillowstatic.com/fp/4dff87a5713b987022bf15b252f758d0-zillow_web_48_23.jpg","property_images/402595313_img1.jpg","https://www.zillow.com/homedetails/460-Upper-Station-Camp-Creek-Rd-Gallatin-TN-37066/402595313_zpid/",2025-11-20 16:35:37.346896
"80344501","$589,900","781 Harden St, Gallatin, TN 37066","3","4","2,175",271.22,"Single Family","For Sale",36.384144,-86.39262,"TN","Gallatin",NA,"3047425","Carport","Step into a home that feels brand new—every surface renewed, every room reimagined, every detail curated with intention. This complete renovation delivers modern luxury, flexible living, and a lifestyle that feels elevated from the very first step inside. Set outside the city limits with NO HOA, it’s the kind of property that gives you freedom and sophistication in one rare package. The overhaul includes a new roof, new windows, new flooring, new doors, new gutters, and all-new lighting with add",NA,"1981","19810.93","https://photos.zillowstatic.com/fp/4dff87a5713b987022bf15b252f758d0-zillow_web_48_23.jpg","property_images/80344501_img1.jpg","https://www.zillow.com/homedetails/781-Harden-St-Gallatin-TN-37066/80344501_zpid/",2025-11-20 16:35:37.346896
"402595313","$1,425,000","460 Upper Station Camp Creek Rd, Gallatin, TN 37066","4","3","3,185",447.41,"Single Family","For Sale",36.39748,-86.56072,"TN","Gallatin",NA,"3045522Skip","Carport","November 16, 2025 at 02:04pmListing Provided by:Justin Tucker 615-906-8458,Platinum Realty Partners, LLC 615-906-2129","7","2022",NA,"https://photos.zillowstatic.com/fp/4dff87a5713b987022bf15b252f758d0-zillow_web_48_23.jpg","property_images/402595313_img1.jpg","https://www.zillow.com/homedetails/460-Upper-Station-Camp-Creek-Rd-Gallatin-TN-37066/402595313_zpid/",2025-11-20 16:36:27.034164
"80344501","$589,900","781 Harden St, Gallatin, TN 37066","3","4","2,175",271.22,"Single Family","For Sale",36.384144,-86.39262,"TN","Gallatin",NA,"3047425","Carport","Step into a home that feels brand new—every surface renewed, every room reimagined, every detail curated with intention. This complete renovation delivers modern luxury, flexible living, and a lifestyle that feels elevated from the very first step inside. Set outside the city limits with NO HOA, it’s the kind of property that gives you freedom and sophistication in one rare package. The overhaul includes a new roof, new windows, new flooring, new doors, new gutters, and all-new lighting with add",NA,"1981","19810.93","https://photos.zillowstatic.com/fp/4dff87a5713b987022bf15b252f758d0-zillow_web_48_23.jpg","property_images/80344501_img1.jpg","https://www.zillow.com/homedetails/781-Harden-St-Gallatin-TN-37066/80344501_zpid/",2025-11-20 16:36:27.034164
"402595313","$1,425,000","460 Upper Station Camp Creek Rd, Gallatin, TN 37066","4","3","3,185",447.41,"Single Family","For Sale",36.39748,-86.56072,"TN","Gallatin",NA,"3045522Skip","Carport","November 16, 2025 at 02:04pmListing Provided by:Justin Tucker 615-906-8458,Platinum Realty Partners, LLC 615-906-2129","7","2022",NA,"https://photos.zillowstatic.com/fp/4dff87a5713b987022bf15b252f758d0-zillow_web_48_23.jpg","property_images/402595313_img1.jpg","https://www.zillow.com/homedetails/460-Upper-Station-Camp-Creek-Rd-Gallatin-TN-37066/402595313_zpid/",2025-11-20 16:37:17.753936
"80344501","$589,900","781 Harden St, Gallatin, TN 37066","3","4","2,175",271.22,"Single Family","For Sale",36.384144,-86.39262,"TN","Gallatin",NA,"3047425","Carport","Step into a home that feels brand new—every surface renewed, every room reimagined, every detail curated with intention. This complete renovation delivers modern luxury, flexible living, and a lifestyle that feels elevated from the very first step inside. Set outside the city limits with NO HOA, it’s the kind of property that gives you freedom and sophistication in one rare package. The overhaul includes a new roof, new windows, new flooring, new doors, new gutters, and all-new lighting with add",NA,"1981","19810.93","https://photos.zillowstatic.com/fp/4dff87a5713b987022bf15b252f758d0-zillow_web_48_23.jpg","property_images/80344501_img1.jpg","https://www.zillow.com/homedetails/781-Harden-St-Gallatin-TN-37066/80344501_zpid/",2025-11-20 16:37:17.753936
"402595313","$1,425,000","460 Upper Station Camp Creek Rd, Gallatin, TN 37066","4","3","3,185",447.41,"Single Family","For Sale",36.39748,-86.56072,"TN","Gallatin",NA,"3045522Skip","Carport","November 16, 2025 at 02:04pmListing Provided by:Justin Tucker 615-906-8458,Platinum Realty Partners, LLC 615-906-2129","7","2022",NA,"https://photos.zillowstatic.com/fp/4dff87a5713b987022bf15b252f758d0-zillow_web_48_23.jpg","property_images/402595313_img1.jpg","https://www.zillow.com/homedetails/460-Upper-Station-Camp-Creek-Rd-Gallatin-TN-37066/402595313_zpid/",2025-11-20 16:38:06.447961
"80344501","$589,900","781 Harden St, Gallatin, TN 37066","3","4","2,175",271.22,"Single Family","For Sale",36.384144,-86.39262,"TN","Gallatin",NA,"3047425","Carport","Step into a home that feels brand new—every surface renewed, every room reimagined, every detail curated with intention. This complete renovation delivers modern luxury, flexible living, and a lifestyle that feels elevated from the very first step inside. Set outside the city limits with NO HOA, it’s the kind of property that gives you freedom and sophistication in one rare package. The overhaul includes a new roof, new windows, new flooring, new doors, new gutters, and all-new lighting with add",NA,"1981","19810.93","https://photos.zillowstatic.com/fp/4dff87a5713b987022bf15b252f758d0-zillow_web_48_23.jpg","property_images/80344501_img1.jpg","https://www.zillow.com/homedetails/781-Harden-St-Gallatin-TN-37066/80344501_zpid/",2025-11-20 16:38:06.447961
"402595313","$1,425,000","460 Upper Station Camp Creek Rd, Gallatin, TN 37066","4","3","3,185",447.41,"Single Family","For Sale",36.39748,-86.56072,"TN","Gallatin",NA,"3045522Skip","Carport","November 16, 2025 at 02:04pmListing Provided by:Justin Tucker 615-906-8458,Platinum Realty Partners, LLC 615-906-2129","7","2022",NA,"https://photos.zillowstatic.com/fp/4dff87a5713b987022bf15b252f758d0-zillow_web_48_23.jpg","property_images/402595313_img1.jpg","https://www.zillow.com/homedetails/460-Upper-Station-Camp-Creek-Rd-Gallatin-TN-37066/402595313_zpid/",2025-11-20 18:54:40.790969
"80344501","$589,900","781 Harden St, Gallatin, TN 37066","3","4","2,175",271.22,"Single Family","For Sale",36.384144,-86.39262,"TN","Gallatin",NA,"3047425","Carport","Step into a home that feels brand new—every surface renewed, every room reimagined, every detail curated with intention. This complete renovation delivers modern luxury, flexible living, and a lifestyle that feels elevated from the very first step inside. Set outside the city limits with NO HOA, it’s the kind of property that gives you freedom and sophistication in one rare package. The overhaul includes a new roof, new windows, new flooring, new doors, new gutters, and all-new lighting with add",NA,"1981","19810.93","https://photos.zillowstatic.com/fp/4dff87a5713b987022bf15b252f758d0-zillow_web_48_23.jpg","property_images/80344501_img1.jpg","https://www.zillow.com/homedetails/781-Harden-St-Gallatin-TN-37066/80344501_zpid/",2025-11-20 18:54:40.790969
"80342555","$349,900","115 Oaks Dr, Gallatin, TN 37066","3","2","1,638",213.61,"Single Family","For Sale",36.397682,-86.43139,"TN","Gallatin",NA,"3048679","Carport","Location, Location, Location! Great all brick home in Gallatin's Historic District. Within minutes of everything. Open floor plan, hardwood flooring, updated kitchen with stainless appliances, new microwave, gas heat, two car attached garage. Fenced backyard, concrete drive with outbuilding on an oversized lot. Master bedroom features an updated master bath. Amazing sunroom with a deck off the back. Note: the sunroom isn't included in the square footage. This one checks all the boxes. Buyer/buye",NA,"1963","19630.76","https://photos.zillowstatic.com/fp/4dff87a5713b987022bf15b252f758d0-zillow_web_48_23.jpg","property_images/80342555_img1.jpg","https://www.zillow.com/homedetails/115-Oaks-Dr-Gallatin-TN-37066/80342555_zpid/",2025-11-20 18:54:40.790969
"70288484","$749,900","1022 Harness Cir, Gallatin, TN 37066","4","3","2,919",256.9,"Single Family","For Sale",36.4548,-86.35755,"TN","Gallatin",NA,"3047885","Carport","Discover peaceful living in the rolling hills of Gallatin with NO city taxes and NO HOA. This spacious all-brick home offers over 2,900 sq. ft. with 4 bedrooms and 3 full baths, with the 4th bedroom easily serving as a bonus room. Beautiful hardwood flooring flows throughout, leading to a large living area with 12' ceilings and a gas fireplace. The spacious kitchen features high-end appliances including a Z-Line gas stove, ample cabinetry, a large breakfast area, and a separate formal dining roo",NA,"2007","20071.32","https://photos.zillowstatic.com/fp/4dff87a5713b987022bf15b252f758d0-zillow_web_48_23.jpg","property_images/70288484_img1.jpg","https://www.zillow.com/homedetails/1022-Harness-Cir-Gallatin-TN-37066/70288484_zpid/",2025-11-20 18:54:40.790969
"42390629","$834,900","688 Douglas Ln, Gallatin, TN 37066","3","3","2,868",291.11,"Single Family","For Sale",36.415848,-86.488106,"TN","Gallatin",NA,"2819078","Carport","Located in Liberty Creek school zone with NO HOA, this stunning 3-bedroom + office and 2.5-bathroom dream home has been thoughtfully renovated to offer a perfect blend of modern sophistication and country comfort. Nestled on a 1 acre lot surrounded by picturesque farmland, this property provides a serene and secluded atmosphere while still being conveniently accessible. As you step inside, you're greeted by an open-concept layout featuring vaulted ceilings and elegant hardwood floors that flow s",NA,"1955","19551.11","https://photos.zillowstatic.com/fp/4dff87a5713b987022bf15b252f758d0-zillow_web_48_23.jpg","property_images/42390629_img1.jpg","https://www.zillow.com/homedetails/688-Douglas-Ln-Gallatin-TN-37066/42390629_zpid/",2025-11-20 18:54:40.790969
"42390468","$449,900","315 Cummings Ln, Gallatin, TN 37066","3","3","3,029",148.53,"Single Family","For Sale",36.42089,-86.52968,"TN","Gallatin",NA,"3042337","Carport","This is a fixer upper on a 3.15 acre lot. Pool has been inspected and just needs a new liner and equipment. Existing septic field lines are on the west side of the house. See the new plat that will be recorded at closing (shows the secondary soil field). time windows are up to 3 hours long for Buyers to conduct non intrusive due diligence.... no inspection contingencies will be accepted in offers so inspect now.",NA,"1973","19733.15","https://photos.zillowstatic.com/fp/4dff87a5713b987022bf15b252f758d0-zillow_web_48_23.jpg","property_images/42390468_img1.jpg","https://www.zillow.com/homedetails/315-Cummings-Ln-Gallatin-TN-37066/42390468_zpid/",2025-11-20 18:54:40.790969
"42392450","$224,000","789 Anthony St, Gallatin, TN 37066","4","2","1,596",140.35,"Single Family","For Sale",36.404663,-86.453094,"TN","Gallatin",NA,"2996733","Carport","Being sold AS IS - cash only!! Nice 4 bed 2 bath with large level lot ready for you to call home!! The home offers a separate flex room/office or could be a 5th bedroom with a door installed. Spacious turnaround driveway. LVT flooring throughout and neutral paint. Convenient location to enjoy restaurants, shopping and easy commute to Nashville. Storage shed.",NA,"1960","19600.34","https://photos.zillowstatic.com/fp/4dff87a5713b987022bf15b252f758d0-zillow_web_48_23.jpg","property_images/42392450_img1.jpg","https://www.zillow.com/homedetails/789-Anthony-St-Gallatin-TN-37066/42392450_zpid/",2025-11-20 18:54:40.790969
"250065058","$418,000","634 S Tunnel Rd, Gallatin, TN 37066","3","2","1,462",285.91,"Single Family","For Sale",36.481853,-86.44754,"TN","Gallatin",NA,"3047981","Carport","The atmosphere around this like new home is peaceful and loving. Don't miss seeing this one. The playground equipment stays. This home has been much loved and taken care of. You'll love the beautiful, large back yard.",NA,"2019","20191.14","https://photos.zillowstatic.com/fp/4dff87a5713b987022bf15b252f758d0-zillow_web_48_23.jpg","property_images/250065058_img1.jpg","https://www.zillow.com/homedetails/634-S-Tunnel-Rd-Gallatin-TN-37066/250065058_zpid/",2025-11-20 18:54:40.790969
"42391794","$374,900","148 Hampton Pl, Gallatin, TN 37066","3","2","1,451",258.37,"Single Family","For Sale",36.403614,-86.42376,"TN","Gallatin",NA,"3037896","Carport","SELLERS ARE RELOCATING! A unique opportunity to own a home with an inground pool at this exceptional price! Significant upgrades include a RECENTLY REPLACED ROOF and HVAC!! This three-bedroom, two-bath home boasts vaulted ceilings, abundant natural light, and a spacious, open living area. Step outside to discover your private backyard oasis, complete with a new composite deck, a sparkling pool, and a full privacy fence. Ideally situated just minutes from Gallatin’s historic town square, this pro",NA,"1991","19910.34","https://photos.zillowstatic.com/fp/4dff87a5713b987022bf15b252f758d0-zillow_web_48_23.jpg","property_images/42391794_img1.jpg","https://www.zillow.com/homedetails/148-Hampton-Pl-Gallatin-TN-37066/42391794_zpid/",2025-11-20 18:54:40.790969
"2062782807","$1,049,900","170 Upper Station Camp Creek Rd, Gallatin, TN 37066","3","2","2,386",440.03,"Single Family","For Sale",36.38875,-86.5585,"TN","Gallatin",NA,"3039139","Carport","Welcome to your private country retreat minutes from Liberty Creek Schools - No HOA - Beautiful one-level ranch home perfectly situated on 7.04 Acres, 12x36 Barn w Elec/Water, 30x60 Detached Garage/Shop/Accessory Dwelling Unit on Sep Meter w Office, Den & 1/2 Bath (450 sf not counted in Main SF) ideal for a home business, guest suite, or studio! Seasonal Pond & year-round creek flows behind the home, Wood Burning Brick Fireplace, Spacious Family Rm, Eat in Kitchen w/ Granite Countertops, brand n",NA,"1998","19987.04","https://photos.zillowstatic.com/fp/4dff87a5713b987022bf15b252f758d0-zillow_web_48_23.jpg","property_images/2062782807_img1.jpg","https://www.zillow.com/homedetails/170-Upper-Station-Camp-Creek-Rd-Gallatin-TN-37066/2062782807_zpid/",2025-11-20 18:56:15.13879
"42397598","$310,000","211 Park Ave, Gallatin, TN 37066","3","2","1,365",227.11,"Single Family","For Sale",36.380802,-86.44062,"TN","Gallatin",NA,"3045839","Carport","Welcome Home! The perfect spot for First Time Homebuyers or anyone looking for comfort and convenience in the heart of Gallatin. This charming home offers three bedrooms, two full baths and a bright and easy flow floor plan. Enjoy a spacious backyard that's ideal for relaxing, entertaining, or letting the kids and pets run around. With a central location just minutes from shopping restaurants schools and everything Gallatin has to offer. This one checks off all the boxes. Move in ready and full ",NA,"1950","19500.25","https://photos.zillowstatic.com/fp/4dff87a5713b987022bf15b252f758d0-zillow_web_48_23.jpg","property_images/42397598_img1.jpg","https://www.zillow.com/homedetails/211-Park-Ave-Gallatin-TN-37066/42397598_zpid/",2025-11-20 18:56:15.13879
"103838518","$2,349,000","2016 Albatross Way, Gallatin, TN 37066","4","6","4,664",503.64,"Single Family","For Sale",36.345036,-86.50614,"TN","Gallatin","25","3041797","Carport","Welcome to Foxland Harbor – Where Lake Life Meets Luxury Living! Experience the ultimate in Tennessee living with this brand-new custom Pettis Builders masterpiece, perfectly positioned on the lake and across from the 3rd Green, offering breathtaking views from every angle. From the moment you step inside, your eyes are drawn straight to the waters of Old Hickory Lake. Designed for those who value heart, strategy, and results in every detail, this home blends elegant craftsmanship with effortles",NA,"2025",NA,"https://photos.zillowstatic.com/fp/4dff87a5713b987022bf15b252f758d0-zillow_web_48_23.jpg","property_images/103838518_img1.jpg","https://www.zillow.com/homedetails/2016-Albatross-Way-Gallatin-TN-37066/103838518_zpid/",2025-11-20 18:56:15.13879
"42401399","$679,900","1120 Inneswood Dr, Gallatin, TN 37066","3","3","3,187",213.34,"Single Family","For Sale",36.34847,-86.48504,"TN","Gallatin",NA,"2970792","Carport","Sellers are motivated! HUGE PRICE REDUCTION!! Beautiful colonial style home located in the sought after Bay Point community. Located a street over from Old Hickory Lake, and just a golf cart ride away from Grasslands Country Club. You can see a tee from the golf course from the backyard. This is a one owner home and has been well taken care of and loved. Home was built by Randy Jones. New roof installed last year, and new upstairs HVAC installed 08/05/25. This home is a gardener’s dream with mul",NA,"1991","19910.65","https://photos.zillowstatic.com/fp/4dff87a5713b987022bf15b252f758d0-zillow_web_48_23.jpg","property_images/42401399_img1.jpg","https://www.zillow.com/homedetails/1120-Inneswood-Dr-Gallatin-TN-37066/42401399_zpid/",2025-11-20 18:56:15.13879
"70288622","$399,900","653 Weathervane Dr, Gallatin, TN 37066","3","2","1,814",220.45,"Single Family","For Sale",36.403614,-86.48154,"TN","Gallatin",NA,"2991180","2","Location! Location! Beautiful sought-after Twin Eagles. Convenient to 109 By-Pass, 186, Gallatin, Portland, and Cottontown. Nice lot, 2 car garage, concrete walkway from front driveway to private rear. Large screened porch. One level well built brick home that exemplifies pride of home ownership. Large entry into home, handsome fireplace, formal dining room, bright morning area. Generously-sized owner suite, central island kitchen with butler white-colored cabinetry, granite-look counters, and p",NA,"2005",NA,"https://photos.zillowstatic.com/fp/4dff87a5713b987022bf15b252f758d0-zillow_web_48_23.jpg","property_images/70288622_img1.jpg","https://www.zillow.com/homedetails/653-Weathervane-Dr-Gallatin-TN-37066/70288622_zpid/",2025-11-20 18:56:15.13879
"55446181","$620,000","262 Bayhill Dr, Gallatin, TN 37066","4","2","2,586",239.75,"Single Family","For Sale",36.403862,-86.41263,"TN","Gallatin",NA,"3015954","Carport","*Seller is offering $10,000 towards Buyer's closing costs with acceptable offer!!* Step into a rare find: a big yard, cool pool, and zero HOA rules...what more could you ask for? Welcome to 262 Bayhill Drive, barely a sand wedge from Gallatin Country Club and Golf Course, in the highly sought after Woodlands subdivision. This house boasts four oversized bedrooms, a new roof, new HVAC, and newer appliances making move-in an absolute breeze. The layout of the house allows for tons of elbow room wh",NA,"2000","20000.51","https://photos.zillowstatic.com/fp/4dff87a5713b987022bf15b252f758d0-zillow_web_48_23.jpg","property_images/55446181_img1.jpg","https://www.zillow.com/homedetails/262-Bayhill-Dr-Gallatin-TN-37066/55446181_zpid/",2025-11-20 18:56:15.13879
"42392667","$179,900","725 Virginia Ave, Gallatin, TN 37066","2","1","748",240.51,"Single Family","For Sale",36.400867,-86.441475,"TN","Gallatin",NA,"3001237","Carport","Neat and tidy cottage right in the heart of Gallatin, near shopping, grocery and the 109 bypass, this home is ready for a new owner!, detached garage, concrete drive, nice sized yard all at an affordable price.",NA,"1945",NA,"https://photos.zillowstatic.com/fp/4dff87a5713b987022bf15b252f758d0-zillow_web_48_23.jpg","property_images/42392667_img1.jpg","https://www.zillow.com/homedetails/725-Virginia-Ave-Gallatin-TN-37066/42392667_zpid/",2025-11-20 18:56:15.13879
"80342509","$379,900","200 Hillcrest Dr, Gallatin, TN 37066","3","2","1,700",223.47,"Single Family","For Sale",36.396736,-86.43236,"TN","Gallatin",NA,"2993963","Carport","Step into this beautifully renovated home located in the heart of the historic district. Featuring 3 bedrooms and 2 full baths, this home blends timeless charm with modern updates. Enjoy a spacious, open living area perfect for entertaining. The kitchen boasts quartz countertops, stainless steel appliances, and plenty of storage. The primary suite offers a large walk-in closet with custom built-in shelving and an oversized tiled shower. Refinished hardwood floors run throughout, adding warmth an",NA,"1958","19580.42","https://photos.zillowstatic.com/fp/4dff87a5713b987022bf15b252f758d0-zillow_web_48_23.jpg","property_images/80342509_img1.jpg","https://www.zillow.com/homedetails/200-Hillcrest-Dr-Gallatin-TN-37066/80342509_zpid/",2025-11-20 18:56:15.13879
"42387366","$212,999","2447 Scotty Parker Rd, Portland, TN 37148","2","1","968",220.04,"Single Family","For Sale",36.472637,-86.478745,"TN","Portland",NA,"3032205","Carport","Renovated quaint home situated on a level approximate 1/2 acre lot with a detached shed for additional storage. Lot is fully fenced. This home would make a great rental opportunity for investors. Original Septic system docs not located but the complete septic system was replaced in 2014 see attached docs. Cash or Conventional - no appliances will be included in the sale.",NA,"1940","19400.5","https://photos.zillowstatic.com/fp/4dff87a5713b987022bf15b252f758d0-zillow_web_48_23.jpg","property_images/42387366_img1.jpg","https://www.zillow.com/homedetails/2447-Scotty-Parker-Rd-Portland-TN-37148/42387366_zpid/",2025-11-20 18:56:15.13879
"42391004","$659,900","131 Grandview Cir, Gallatin, TN 37066","3","4","3,516",187.68,"Single Family","For Sale",36.41486,-86.418335,"TN","Gallatin",NA,"3042449","3","Premier Location-Not the Typical Subdivision-No Asso Fees-Each House is a Unique Custom Build-All Brick-One Owner-3516 Sq Ft of Luxury Lifestyle w/Granite/Tile/Hardwoods/ Extensive Millwork includes Crown Moulding-Formal Dining-Huge Bonus over 3 Car Garage-Covered Patio-Casual Morning Area",NA,"2005","20050.37","https://photos.zillowstatic.com/fp/4dff87a5713b987022bf15b252f758d0-zillow_web_48_23.jpg","property_images/42391004_img1.jpg","https://www.zillow.com/homedetails/131-Grandview-Cir-Gallatin-TN-37066/42391004_zpid/",2025-11-20 18:58:12.334383
"42407045","$599,900","119 Grassland Dr, Gallatin, TN 37066","3","2","3,201",187.41,"Single Family","For Sale",36.310246,-86.51818,"TN","Gallatin",NA,"3016060","Carport","Opportunity awaits! This solidly built home is being sold as-is and priced accordingly—ready for your personal touch. With 1.2 acres, mature trees, and a view of the lake, the potential is endless. The home features a walk-out basement, two fireplaces, and sits in a fantastic location between Hendersonville and Gallatin—just minutes from restaurants, shops, parks, golf, and a nearby boat ramp. Major systems have been updated 2-3 yrs ago, including HVACs, water heater, dishwasher, and refrigerato",NA,"1986","19861.2","https://photos.zillowstatic.com/fp/4dff87a5713b987022bf15b252f758d0-zillow_web_48_23.jpg","property_images/42407045_img1.jpg","https://www.zillow.com/homedetails/119-Grassland-Dr-Gallatin-TN-37066/42407045_zpid/",2025-11-20 18:58:12.334383
"243257627","$1,095,000","104 Branham Mill Rd, Gallatin, TN 37066","3","4","4,090",267.73,"Single Family","For Sale",36.429745,-86.37692,"TN","Gallatin",NA,"2905469Skip","Carport","November 19, 2025 at 11:17amListing Provided by:Jana Dee Wade 321-431-5826,Crye-Leike, REALTORS 615-230-6800","156","2023",NA,"https://photos.zillowstatic.com/fp/4dff87a5713b987022bf15b252f758d0-zillow_web_48_23.jpg","property_images/243257627_img1.jpg","https://www.zillow.com/homedetails/104-Branham-Mill-Rd-Gallatin-TN-37066/243257627_zpid/",2025-11-20 18:58:12.334383
"80342480","$384,900","621 Teree Dr, Gallatin, TN 37066","4","3","1,653",232.85,"Single Family","For Sale",36.40045,-86.43709,"TN","Gallatin",NA,"2986797","Carport","Welcome to 621 Teree Drive, where comfort meets convenience in the heart of Gallatin. This cheerful four bedroom, three bath ranch sits on a generous, level lot in a friendly, established neighborhood with no HOA. That means more freedom for you and more room to enjoy the good life. Inside, the living room shines with open wood beams, giving you that cozy Great Room vibe everyone loves. Step out front and sip sweet tea on your rocking chair porch, or head to the back deck overlooking a spacious ",NA,"1983","19830.3","https://photos.zillowstatic.com/fp/4dff87a5713b987022bf15b252f758d0-zillow_web_48_23.jpg","property_images/80342480_img1.jpg","https://www.zillow.com/homedetails/621-Teree-Dr-Gallatin-TN-37066/80342480_zpid/",2025-11-20 18:58:12.334383
"80343451","$329,900","127 Trousdale Ave, Gallatin, TN 37066","4","2","1,400",235.64,"Single Family","For Sale",36.390083,-86.46392,"TN","Gallatin",NA,"2967703","Carport","Welcome to this beautifully updated home, where modern comfort meets timeless style! Enjoy added peace of mind with a BRAND NEW ROOF and transferable warranty. Step inside to a bright, open-concept kitchen featuring granite countertops, stainless steel appliances, and crisp white cabinetry. The inviting living area showcases sleek finishes and an abundance of natural light, creating a warm, welcoming space. Updated bathrooms offer stylish tilework and contemporary fixtures, while the spacious pr",NA,"1963","19630.3","https://photos.zillowstatic.com/fp/4dff87a5713b987022bf15b252f758d0-zillow_web_48_23.jpg","property_images/80343451_img1.jpg","https://www.zillow.com/homedetails/127-Trousdale-Ave-Gallatin-TN-37066/80343451_zpid/",2025-11-20 18:58:12.334383
"449367689","$1,250,000","2030 31st Hwy, Gallatin, TN 37066","4","2","2,746",455.21,"Single Family","For Sale",36.430023,-86.379005,"TN","Gallatin",NA,"3039273","Carport","Nearly 11-ACRES, a combination of 3 parcels that include STONE HOUSE with 3.46 acres, 35'x50' BARN with 5.1 acres, and 2.42 acres with road frontage on 31E Hwy. Both vacant lots are suitable for 4 to 5-BDR homes, offering development possibilities. Modern conveniences and limitless potential. A Tennessee Treasure featuring a Historic Stone Wall spanning the entire road frontage, locally known as the 'McArthur Estate'. A Stunning 1930's Stone Home that exudes Character, Craftsmanship, and timeles",NA,"1934","193410.98","https://photos.zillowstatic.com/fp/4dff87a5713b987022bf15b252f758d0-zillow_web_48_23.jpg","property_images/449367689_img1.jpg","https://www.zillow.com/homedetails/2030-31st-Hwy-Gallatin-TN-37066/449367689_zpid/",2025-11-20 18:58:12.334383
"344676900","$699,999","402 Upper Station Camp Creek Rd, Gallatin, TN 37066","3","3","2,455",285.13,"Single Family","For Sale",36.39412,-86.559814,"TN","Gallatin",NA,"2901961","Carport","Welcome to your peaceful escape! This 3 bedroom, 2 1/2 bath home sits on 6.64 beautiful acres on a quiet, low-traffic road- conveniently located just minutes from shopping, restaurants, and everything you need. From the inviting front porch to the light filled interior, this home if full of comfort and charm. Inside you will find beautiful hardwood floors throughout the halls, kitchen and and dining area. The spacious primary bedroom is on the main floor, while the custom staircase leads to 2 ad",NA,"1987","19876.64","https://photos.zillowstatic.com/fp/4dff87a5713b987022bf15b252f758d0-zillow_web_48_23.jpg","property_images/344676900_img1.jpg","https://www.zillow.com/homedetails/402-Upper-Station-Camp-Creek-Rd-Gallatin-TN-37066/344676900_zpid/",2025-11-20 18:58:12.334383
"455645476","$699,000","1035 Robert Lee Dr, Gallatin, TN 37066","3","3","2,680",260.82,"Single Family","For Sale",36.436653,-86.395584,"TN","Gallatin","25","3045573","3","Move-in ready and beautifully crafted, this custom-built all-brick home with a 3 car garage sits on a spacious half-acre lot! Enjoy outdoor living with both a covered front porch and a screened-in back patio overlooking the large, fenced backyard. Step inside to find beautiful natural LVP flooring flowing throughout the main living areas. The open eat-in kitchen features a gas range, large island, quartz countertops, and a tile backsplash. The living room boasts soaring vaulted ceilings and a st",NA,"2023","20230.53","https://photos.zillowstatic.com/fp/4dff87a5713b987022bf15b252f758d0-zillow_web_48_23.jpg","property_images/455645476_img1.jpg","https://www.zillow.com/homedetails/1035-Robert-Lee-Dr-Gallatin-TN-37066/455645476_zpid/",2025-11-20 18:58:12.334383
"457948925","$3,699,000","1395 Rozella Pvt Way, Gallatin, TN 37066","5","6","5,930",623.78,"Single Family","For Sale",36.341366,-86.49125,"TN","Gallatin","90","3039483","Carport","Lake Life on \"The Peninsula\" in Fairvue Plantation * Custom built by Bob Shaw, this modern, yet comfortable home boast spectacular views of Old Hickory Lake * This spacious, open floor plan offers 5 beds, each with a private Bath, a designated Office & additional \"flex\" rooms to accommodate your specific needs * The large Living Room adjoins the bright, white Kitchen and Dinning area * The private, primary Bedroom with a fireplace creates the perfect getaway * The same quality and finishes are c",NA,"2015","20150.68","https://photos.zillowstatic.com/fp/4dff87a5713b987022bf15b252f758d0-zillow_web_48_23.jpg","property_images/457948925_img1.jpg","https://www.zillow.com/homedetails/1395-Rozella-Pvt-Way-Gallatin-TN-37066/457948925_zpid/",2025-11-20 18:58:12.334383
"103824110","$2,274,000","2024 Albatross Way, Gallatin, TN 37066","4","5","4,328",525.42,"Single Family","For Sale",36.344753,-86.5065,"TN","Gallatin","29","2938723","Carport","** Preferred lender credit up to $10,000 towards loan closing costs, rate buy down, or both. Welcome to 2024 Albatross Way — a beautifully maintained lake home located in one of Gallatin's most desirable neighborhoods. This stunning residence offers the perfect blend of comfort, style, and functionality, ideal for families, professionals, or anyone looking for a serene lake lifestyle with easy access to city conveniences. New Shared dock added in 2024 with your own private slip right in your bac",NA,"2018",NA,"https://photos.zillowstatic.com/fp/4dff87a5713b987022bf15b252f758d0-zillow_web_48_23.jpg","property_images/103824110_img1.jpg","https://www.zillow.com/homedetails/2024-Albatross-Way-Gallatin-TN-37066/103824110_zpid/",2025-11-20 19:00:12.427797
"458310058","$1,083,900+","Buildable plan: Gaston, Bellsford Landing, Gallatin, TN 37066","4","3","3,426",316.37,"Single Family","For Sale",36.330112,-86.52648,"TN","Gallatin","54","10287","Attached Garage","This plan offers the perfect blend of functionality and charm. Step inside to an open-concept living area anchored by a beautiful stone gas fireplace, seamlessly flowing into a custom kitchen featuring high end countertops, custom cabinetry, double ovens, a gas cooktop and a spacious walk-in pantry. Every bathroom boasts quartz countertops, upgraded Delta plumbing fixtures, and elegant tile flooring and shower walls for a luxury experience. Designed for everyday ease, the Gaston Plan includes a ","3","2025",NA,"","property_images/458310058_img1.jpg","https://www.zillow.com/community/bellsford-landing/458310058_zpid/",2025-11-20 19:00:12.427797
"456648275","$609,900","2017 Wt Chandler Blvd #56, Gallatin, TN 37066","4","3","2,705",225.47,"Single Family","For Sale",36.409763,-86.413895,"TN","Gallatin","50","2993016","Carport","$10,000 toward closing cost and/or rate buy down with Preferred Lender. Section 2 Now Open! Exceptional Quality Construction by Eastland Construction Inc., Briley floor plan, Living rm w/ Hardwood Floors, Built-Ins, & Brick fireplace. Island Kitchen w/ Granite Countertops, Custom Maple Cabinets, Tile Backsplash, Hardwood Floors, Pantry, Microwave, and Dishwasher. Primary BR & 2 BRs on Main Level with Large Bath w/ Separate Shower and Large Tub, Double Vanities, & Granite Tops, Tile in Baths and ",NA,"2025",NA,"https://photos.zillowstatic.com/fp/4dff87a5713b987022bf15b252f758d0-zillow_web_48_23.jpg","property_images/456648275_img1.jpg","https://www.zillow.com/homedetails/2017-Wt-Chandler-Blvd-56-Gallatin-TN-37066/456648275_zpid/",2025-11-20 19:00:12.427797
"42387368","$190,000","2449 Scotty Parker Rd, Portland, TN 37148","3","1","1,368",138.89,NA,"For Sale",36.47267,-86.47914,"TN","Portland",NA,"3037606","Carport","Under 200k, 12 min to downtown Gallatin! Handyman Special ! 3 Bed 1 bath, 15 short min to downtown Gallatin! Hvac, roof, and Septic all have been replaced within 5 years! Bring your creativity and dyi spirit! This home can easily accommodate another bathroom, and the master at the end of home can be extended into a beautiful master suite! This home has a ton of potential, come see for yourself! it sits on a quiet country road, with a fenced front yard and no back yard neighbors! This home is liv",NA,"1976","19760.38","https://photos.zillowstatic.com/fp/4dff87a5713b987022bf15b252f758d0-zillow_web_48_23.jpg","property_images/42387368_img1.jpg","https://www.zillow.com/homedetails/2449-Scotty-Parker-Rd-Portland-TN-37148/42387368_zpid/",2025-11-20 19:00:12.427797
"250065614","$749,900","1717 Boardwalk Pl, Gallatin, TN 37066","5","4","3,316",226.15,"Single Family","For Sale",36.332413,-86.50301,"TN","Gallatin","31","3032914","Carport","Tucked on a quiet cul-de-sac, this stunning all-brick home offers timeless curb appeal with its charming front porch, two-car garage, and serene views overlooking the 14th hole of the Foxland Harbor Golf Course. Enjoy resort-style living surrounded by rolling hills, peaceful lake breezes, and the natural beauty of one of Middle Tennessee’s most sought-after communities. Inside, the main level features an enclosed office, a spacious great room, and an elegant dining area that flows seamlessly int",NA,"2019",NA,"https://photos.zillowstatic.com/fp/4dff87a5713b987022bf15b252f758d0-zillow_web_48_23.jpg","property_images/250065614_img1.jpg","https://www.zillow.com/homedetails/1717-Boardwalk-Pl-Gallatin-TN-37066/250065614_zpid/",2025-11-20 19:00:12.427797
"455930896","$1,269,900","303 Dry Fork Rd S, Gallatin, TN 37066","3","3","3,662",346.78,"Single Family","For Sale",36.457596,-86.35655,"TN","Gallatin",NA,"3013193","Carport","REDUCED! Nestled atop a gentle rural plateau, embraced by the winding waters of Dry Fork Creek, this exquisite 5.03-acre estate offers a rare blend of elegance, space, and tranquility—just 35 minutes from the vibrant heart of Nashville. Spanning over 3,600 square feet, the home welcomes you with soaring 16-foot ceilings that elevate every room with light and grandeur. Designed with versatility in mind, it features three full bathrooms and up to four spacious bedrooms, offering comfort and privac",NA,"2023","20235.03","https://photos.zillowstatic.com/fp/4dff87a5713b987022bf15b252f758d0-zillow_web_48_23.jpg","property_images/455930896_img1.jpg","https://www.zillow.com/homedetails/303-Dry-Fork-Rd-S-Gallatin-TN-37066/455930896_zpid/",2025-11-20 19:00:12.427797
"2056368205","$1,299,000","2039 Liberty Ln, Gallatin, TN 37066","3","3","3,445",377.07,"Single Family","For Sale",36.393906,-86.55622,"TN","Gallatin",NA,"2974408","Carport","This exceptional property presents a rare opportunity for instant equity in a highly desirable area of Sumner County. Ideally located near Liberty Creek Schools, and just minutes from Publix, restaurants, and other new developments. Set on 4.01 acres, this property offers both space and serenity. For those seeking even more room, the adjacent 3.88-acre lot is available for purchase and has already perked for a 4-bedroom conventional septic system—perfect for a second home, guest house, or invest",NA,"2025","20254.01","https://photos.zillowstatic.com/fp/4dff87a5713b987022bf15b252f758d0-zillow_web_48_23.jpg","property_images/2056368205_img1.jpg","https://www.zillow.com/homedetails/2039-Liberty-Ln-Gallatin-TN-37066/2056368205_zpid/",2025-11-20 19:00:12.427797
"456021285","$409,990","1256 Linn Cove Ct, Gallatin, TN 37066","3","2","1,868",219.48,"Single Family","For Sale",36.377476,-86.46993,"TN","Gallatin","161","3048067","Carport","Come tour Cavalier 1 level model home plan. Enjoy one-level living at its finest with this gorgeous new home in Nexus. A walk-in closet and single shower in the Owner’s Bath make your Owner’s Retreat a private vacation at the end of each day. Your open-concept living spaces present an distinguished first impression from the front door and offer superb comforts for quiet evenings together. The gourmet kitchen features a gas range and plenty of room for a collaborative feast creation with on trend",NA,"2025",NA,"https://photos.zillowstatic.com/fp/4dff87a5713b987022bf15b252f758d0-zillow_web_48_23.jpg","property_images/456021285_img1.jpg","https://www.zillow.com/homedetails/1256-Linn-Cove-Ct-Gallatin-TN-37066/456021285_zpid/",2025-11-20 19:00:12.427797
"337890056","$324,900","5017 Percival Dr, Gallatin, TN 37066","3","3","1,700",191.12,"Townhouse","For Sale",36.34271,-86.51839,"TN","Gallatin","345","3039055","Carport","Imagine starting your mornings with a peaceful stroll to the lake, enjoying the convenience of being just minutes from shopping, dining, and entertainment, and still having an easy commute into Nashville. All of this, plus zoning for the highly sought-after Jack Anderson Elementary School, can be yours for under $340K. This end-unit townhome offers the perfect blend of style, comfort, and value. Only a few years old, it has been recently upgraded with a brand-new roof, giving you peace of mind f",NA,"2021",NA,"https://photos.zillowstatic.com/fp/4dff87a5713b987022bf15b252f758d0-zillow_web_48_23.jpg","property_images/337890056_img1.jpg","https://www.zillow.com/homedetails/5017-Percival-Dr-Gallatin-TN-37066/337890056_zpid/",2025-11-20 19:00:12.427797
"306474858","$628,000","1423 Overcheck Ln, Gallatin, TN 37066","4","3","2,697",232.85,"Single Family","For Sale",36.361008,-86.51418,"TN","Gallatin","89","3037310","Carport","Gourgeous, newer build, 4BR, home in the wonderful Kennesaw farms neighborhood! All brick, located on a cul-de-sac and has all new landscaping around the home! Open floor plan concept with a primary and guest bedroom on the main floor, formal dining room, large living room with gas fireplace, eat in kitchen with a very large granite island and countertops, an abundance of cabinets along with a pantry area! SS appliances will stay along with the washer and dryer! Primary bath has double vanities,",NA,"2020","20200.34","https://photos.zillowstatic.com/fp/4dff87a5713b987022bf15b252f758d0-zillow_web_48_23.jpg","property_images/306474858_img1.jpg","https://www.zillow.com/homedetails/1423-Overcheck-Ln-Gallatin-TN-37066/306474858_zpid/",2025-11-20 19:01:51.035833
"457187129","$1,750,000","149 Upper Station Camp Creek Rd, Gallatin, TN 37066","3","4","4,887",358.09,"Single Family","For Sale",36.38813,-86.562645,"TN","Gallatin",NA,"3011426","Carport","Stately Custom Brick Home on 5 Gorgeous Acres Tucked away on 5 level, usable acres—but just minutes from shopping and dining—this full brick, custom-built estate offers space, privacy, and endless flexibility. From the moment you arrive, the craftsmanship stands out, with rich finished wood floors, multiple living and working spaces, and two full laundry rooms to make everyday life a breeze. Inside, you'll find generously sized rooms to suit every need—whether it's entertaining, relaxing, or wor",NA,"2002","20025.01","https://photos.zillowstatic.com/fp/4dff87a5713b987022bf15b252f758d0-zillow_web_48_23.jpg","property_images/457187129_img1.jpg","https://www.zillow.com/homedetails/149-Upper-Station-Camp-Creek-Rd-Gallatin-TN-37066/457187129_zpid/",2025-11-20 19:01:51.035833
"42399798","$1,300,000","1171 S Wrights Ln, Gallatin, TN 37066","3","3","2,588",502.32,"Single Family","For Sale",36.36341,-86.384834,"TN","Gallatin",NA,"2991715","Carport","LAKEFRONT LUXURY LIVING/DOCK/BOAT HOUSE! Irresistible presence...gorgeous wooded lot, rock walls, stone pathway, rock-edge bed, play house overlooking water, firepit. 8,000 pound dock lift. Both attached and detached garages. New floor in attached, and work benches, cabinets, and machinist table with drawers in detached. Also a bonus room over attached garage, and rec room over detached. Mature vegetation. NO HOA! Beautiful updated interior!! Moldings, slider doors, French doors, home office, se",NA,"1997","19971.39","https://photos.zillowstatic.com/fp/4dff87a5713b987022bf15b252f758d0-zillow_web_48_23.jpg","property_images/42399798_img1.jpg","https://www.zillow.com/homedetails/1171-S-Wrights-Ln-Gallatin-TN-37066/42399798_zpid/",2025-11-20 19:01:51.035833
"351233689","$369,999","871 Blessings Way, Gallatin, TN 37066","4","3","1,855",199.46,"Single Family","For Sale",36.401722,-86.45234,"TN","Gallatin","35","2974457","Carport","Loan amount will be $273,799 through The Housing Fund’s Shared Equity Program. Buyers must contribute 1% of the sales price, meet program income requirements, and be approved by The Housing Fund. Closing costs to be paid by buyer (separate assistance programs may be available). Enjoy the ease of mostly one-level living in this brand-new home featuring 3 bedrooms and 2 full baths on the main level. The spacious upstairs retreat offers an additional bedroom, a full bath, and a large flex room—perf",NA,"2023",NA,"https://photos.zillowstatic.com/fp/4dff87a5713b987022bf15b252f758d0-zillow_web_48_23.jpg","property_images/351233689_img1.jpg","https://www.zillow.com/homedetails/871-Blessings-Way-Gallatin-TN-37066/351233689_zpid/",2025-11-20 19:01:51.035833
"337042330","$699,000","1029 Robert Lee Dr, Gallatin, TN 37066","3","4","2,424",288.37,"Single Family","For Sale",36.43657,-86.39441,"TN","Gallatin","25","2974964","Carport","Fall in Love with this Gorgeous All-Brick Home, Nestled on a Large Corner Lot with a Fully Fenced, Private Backyard that Offers Frequent Visits from Local Wildlife. Step inside to find Beautiful Hardwood Floors throughout, a Modern Kitchen Featuring Quartz Countertops, and Stainless Steel Appliances. Enjoy Outdoor Living Year-Round with a Screened-In Back Patio, as well as a Charming Paver Patio complete with a Built-in Brick Gas Fire Pit - Perfect for Entertaining or Cozy Evenings. This Home is",NA,"2022","20220.6","https://photos.zillowstatic.com/fp/4dff87a5713b987022bf15b252f758d0-zillow_web_48_23.jpg","property_images/337042330_img1.jpg","https://www.zillow.com/homedetails/1029-Robert-Lee-Dr-Gallatin-TN-37066/337042330_zpid/",2025-11-20 19:01:51.035833
"70283957","$1,775,000","1255 Plantation Blvd, Gallatin, TN 37066","5","4","3,646",486.83,"Single Family","For Sale",36.35427,-86.5028,"TN","Gallatin","63","3035311","Carport","One of the largest lots in Fairvue Plantation! Corner lot with mature tress offering a totally private backyard oasis, yet still exceptionally convenient. Impressive house with lots of unique features. All community amenities require club membership.",NA,"2013","20130.73","https://photos.zillowstatic.com/fp/4dff87a5713b987022bf15b252f758d0-zillow_web_48_23.jpg","property_images/70283957_img1.jpg","https://www.zillow.com/homedetails/1255-Plantation-Blvd-Gallatin-TN-37066/70283957_zpid/",2025-11-20 19:01:51.035833
"2086761965","$525,000","167 Cape Private Cir, Gallatin, TN 37066","3","3","2,465",212.98,"Single Family","For Sale",36.34133,-86.51296,"TN","Gallatin","275","2975802","Carport","Looking for maintenance free living? This is your place! This stunning town home nestled in the prestigious Greens of Foxland Harbor has it all! 2465 square feet of pure elegance, this contemporary home offers an open concept layout complete with sleek new lighting adorning the primary suite, formal dining, kitchen and laundry areas creating an ambiance of sophistication. After a long day relax on the covered patio with electric blinds for ultimate privacy. Situated in the vibrant Lake/Golf comm",NA,"2018",NA,"https://photos.zillowstatic.com/fp/4dff87a5713b987022bf15b252f758d0-zillow_web_48_23.jpg","property_images/2086761965_img1.jpg","https://www.zillow.com/homedetails/167-Cape-Private-Cir-Gallatin-TN-37066/2086761965_zpid/",2025-11-20 19:01:51.035833
"2065727268","$599,999","315 Gulfstream Dr, Gallatin, TN 37066","4","3","2,954",203.11,"Single Family","For Sale",36.39252,-86.55265,"TN","Gallatin","75","2939126","Carport","This wonderful home in the popular Carellton neighborhood offers a fantastic floorplan perfect for modern living. The main level features the primary suite, guest room and bath plus a dedicated office. Upstairs you'll find 2 additional bedrooms, large bath with dual sinks and a spacious bonus room with walk-in attic storage. The home boasts a bright white kitchen with a large quartz island, walk-in pantry and stainless appliances that opens seamlessly to the dining area and great room with cozy ",NA,"2022",NA,"https://photos.zillowstatic.com/fp/4dff87a5713b987022bf15b252f758d0-zillow_web_48_23.jpg","property_images/2065727268_img1.jpg","https://www.zillow.com/homedetails/315-Gulfstream-Dr-Gallatin-TN-37066/2065727268_zpid/",2025-11-20 19:01:51.035833
"448265242","$349,900","1428 Vanner Ct LOT 408, Gallatin, TN 37066","3","3","1,745",200.52,"Townhouse","For Sale",36.353382,-86.51463,"TN","Gallatin","240","3047278","Carport","$16,500 IN INCENTIVES! Receive up to $16,500 toward closing costs or a rate buy-down with our preferred lender and title company—a rare opportunity you don’t want to miss! Move-in ready Finnegan floor plan offering 3 beds, 2.5 baths, and 1,750 sq ft in Gallatin’s desirable Kennesaw Farms. Enjoy an open-concept main level with an upgraded kitchen, stylish finishes, and a private patio perfect for relaxing or entertaining. The spacious primary suite features double vanities, a large walk-in shower",NA,"2025",NA,"https://photos.zillowstatic.com/fp/4dff87a5713b987022bf15b252f758d0-zillow_web_48_23.jpg","property_images/448265242_img1.jpg","https://www.zillow.com/homedetails/1428-Vanner-Ct-LOT-408-Gallatin-TN-37066/448265242_zpid/",2025-11-20 19:01:51.035833
"62885183","$649,900","1245 Amherst Ct, Gallatin, TN 37066","3","3","2,805",231.69,"Single Family","For Sale",36.395264,-86.50339,"TN","Gallatin","23","3033720","Carport","This stunning all brick and stone property offers timeless elegance and modern comfort. Boasting over 2,800 square feet of meticulously designed living space, this 3-bedroom, 2.5-bath home is perfect for families of all sizes. The chef's kitchen features granite countertops, custom cabinetry, and double gas ovens, making it an entertainer's delight. Granite also graces the bathrooms, adding a touch of luxury. The spacious interior is highlighted by new flooring and lush throughout, offering a fr",NA,"2003","20030.34","https://photos.zillowstatic.com/fp/4dff87a5713b987022bf15b252f758d0-zillow_web_48_23.jpg","property_images/62885183_img1.jpg","https://www.zillow.com/homedetails/1245-Amherst-Ct-Gallatin-TN-37066/62885183_zpid/",2025-11-20 19:02:30.643052
"2086761970","$475,000",NA,"3","3","2,616",181.57,NA,"For Sale",NA,NA,NA,NA,NA,NA,NA,NA,NA,NA,NA,"https://photos.zillowstatic.com/fp/4dff87a5713b987022bf15b252f758d0-zillow_web_48_23.jpg",NA,"https://www.zillow.com/homedetails/183-Cape-Private-Cir-Gallatin-TN-37066/2086761970_zpid/",2025-11-20 19:02:30.643052
"442001501","$634,900",NA,"4","3","2,539",250.06,NA,"For Sale",NA,NA,NA,NA,NA,NA,NA,NA,NA,NA,NA,"https://photos.zillowstatic.com/fp/4dff87a5713b987022bf15b252f758d0-zillow_web_48_23.jpg",NA,"https://www.zillow.com/homedetails/109-Hayden-Ln-LOT-231-Gallatin-TN-37066/442001501_zpid/",2025-11-20 19:02:30.643052
"42392258","$369,900",NA,"3","2","1,582",233.82,NA,"For Sale",NA,NA,NA,NA,NA,NA,NA,NA,NA,NA,NA,"https://photos.zillowstatic.com/fp/4dff87a5713b987022bf15b252f758d0-zillow_web_48_23.jpg",NA,"https://www.zillow.com/homedetails/801-Hart-St-Gallatin-TN-37066/42392258_zpid/",2025-11-20 19:02:30.643052
"121562449","$749,900",NA,"4","3","3,048",246.03,NA,"For Sale",NA,NA,NA,NA,NA,NA,NA,NA,NA,NA,NA,"https://photos.zillowstatic.com/fp/4dff87a5713b987022bf15b252f758d0-zillow_web_48_23.jpg",NA,"https://www.zillow.com/homedetails/1017-Kendras-Run-Gallatin-TN-37066/121562449_zpid/",2025-11-20 19:02:30.643052
"447159649","$499,900",NA,"4","4","2,665",187.58,NA,"For Sale",NA,NA,NA,NA,NA,NA,NA,NA,NA,NA,NA,"https://photos.zillowstatic.com/fp/4dff87a5713b987022bf15b252f758d0-zillow_web_48_23.jpg",NA,"https://www.zillow.com/homedetails/307-Old-Spring-Ln-LOT-55-Gallatin-TN-37066/447159649_zpid/",2025-11-20 19:02:30.643052
"455645818","$569,900",NA,"4","3","2,590",220.04,NA,"For Sale",NA,NA,NA,NA,NA,NA,NA,NA,NA,NA,NA,"https://photos.zillowstatic.com/fp/4dff87a5713b987022bf15b252f758d0-zillow_web_48_23.jpg",NA,"https://www.zillow.com/homedetails/1016-Jackston-Mack-Way-Gallatin-TN-37066/455645818_zpid/",2025-11-20 19:02:30.643052
"2062573626","$1,549,900",NA,"5","7","5,066",305.94,NA,"For Sale",NA,NA,NA,NA,NA,NA,NA,NA,NA,NA,NA,"https://photos.zillowstatic.com/fp/4dff87a5713b987022bf15b252f758d0-zillow_web_48_23.jpg",NA,"https://www.zillow.com/homedetails/647-Concord-Dr-Gallatin-TN-37066/2062573626_zpid/",2025-11-20 19:02:30.643052
"66630316","$489,900",NA,"4","2","2,460",199.15,NA,"For Sale",NA,NA,NA,NA,NA,NA,NA,NA,NA,NA,NA,"https://photos.zillowstatic.com/fp/4dff87a5713b987022bf15b252f758d0-zillow_web_48_23.jpg",NA,"https://www.zillow.com/homedetails/185-Stanley-Dr-Gallatin-TN-37066/66630316_zpid/",2025-11-20 19:02:30.643052
"402595313","$1,425,000","460 Upper Station Camp Creek Rd, Gallatin, TN 37066","4","3","3,185",447.41,"Single Family","For Sale",36.39748,-86.56072,"TN","Gallatin",NA,"3045522Skip","Carport","November 16, 2025 at 02:04pmListing Provided by:Justin Tucker 615-906-8458,Platinum Realty Partners, LLC 615-906-2129","7","2022",NA,"https://photos.zillowstatic.com/fp/4dff87a5713b987022bf15b252f758d0-zillow_web_48_23.jpg","property_images/402595313_img1.jpg","https://www.zillow.com/homedetails/460-Upper-Station-Camp-Creek-Rd-Gallatin-TN-37066/402595313_zpid/",2025-11-21 07:06:59.381999
"458465742","$2,650,000","924 Laura St, Gallatin, TN 37066","5","3","7,448",355.8,"Single Family","For Sale",36.39161,-86.47146,"TN","Gallatin",NA,"3049235","4","Step into Walnut Grove, built by Charles Elliot in 1795. This historic estate sits on a bluff overlooking Station Camp Creek on a sprawling gated 7 acres. 1.6 miles to downtown Gallatin! This colonial style home is a local icon built like a fortress and featuring 2-foot-thick stone walls engineered to withstand the many winds of time. The estate is a registered piece of American history, fully furnished with antique furniture, and original art. The collection includes original oil paintings from",NA,"1795","17957.01","https://photos.zillowstatic.com/fp/4dff87a5713b987022bf15b252f758d0-zillow_web_48_23.jpg","property_images/458465742_img1.jpg","https://www.zillow.com/homedetails/924-Laura-St-Gallatin-TN-37066/458465742_zpid/",2025-11-21 07:06:59.381999
"306474762","$399,500","1107 Westgate Dr, Gallatin, TN 37066","3","3","1,753",227.9,"Single Family","For Sale",36.361824,-86.451454,"TN","Gallatin","62","3048775","Carport","This fabulous one-level brick home sits on a coveted fenced lot backing to peaceful trees and nature. The ideal split-bedroom layout features two bedrooms and a full bath up front, with the private primary suite tucked in the back, complete with a walk-in closet and oversized linen closet. The expansive living, dining, and kitchen area flows as one large open space, perfect for everyday living and effortless entertaining. A dedicated laundry room with a drop zone adds convenience and organizatio",NA,"2019",NA,"https://photos.zillowstatic.com/fp/4dff87a5713b987022bf15b252f758d0-zillow_web_48_23.jpg","property_images/306474762_img1.jpg","https://www.zillow.com/homedetails/1107-Westgate-Dr-Gallatin-TN-37066/306474762_zpid/",2025-11-21 07:06:59.381999
"124030038","$695,000","1016 Baxter Ln, Gallatin, TN 37066","4","3","2,475",280.81,"Single Family","For Sale",36.35119,-86.501625,"TN","Gallatin","63","3049079","Carport","This meticulously maintained, one owner home offers an open floor plan with mostly one-level living and a private second level suite with full bath. The kitchen features a double oven and gas cooktop, an abundance of cabinets and counter space, and overlooks the dining and living room making it ideal for everyday cooking or hosting. The beautiful light filled primary suite with tray ceiling features an on suite bath with separate shower and tub, incredible storage and an oversized walk-in closet",NA,"2013",NA,"https://photos.zillowstatic.com/fp/4dff87a5713b987022bf15b252f758d0-zillow_web_48_23.jpg","property_images/124030038_img1.jpg","https://www.zillow.com/homedetails/1016-Baxter-Ln-Gallatin-TN-37066/124030038_zpid/",2025-11-21 07:06:59.381999
"42392450","$224,000","789 Anthony St, Gallatin, TN 37066","4","2","1,596",140.35,"Single Family","For Sale",36.404663,-86.453094,"TN","Gallatin",NA,"2996733","Carport","Being sold AS IS - cash only!! Nice 4 bed 2 bath with large level lot ready for you to call home!! The home offers a separate flex room/office or could be a 5th bedroom with a door installed. Spacious turnaround driveway. LVT flooring throughout and neutral paint. Convenient location to enjoy restaurants, shopping and easy commute to Nashville. Storage shed.",NA,"1960","19600.34","https://photos.zillowstatic.com/fp/4dff87a5713b987022bf15b252f758d0-zillow_web_48_23.jpg","property_images/42392450_img1.jpg","https://www.zillow.com/homedetails/789-Anthony-St-Gallatin-TN-37066/42392450_zpid/",2025-11-21 07:06:59.381999
"103854655","$725,000",NA,"4","4","2,910",249.14,NA,"For Sale",NA,NA,NA,NA,NA,NA,NA,NA,NA,NA,NA,"https://photos.zillowstatic.com/fp/4dff87a5713b987022bf15b252f758d0-zillow_web_48_23.jpg",NA,"https://www.zillow.com/homedetails/1009-Broughton-Pl-Gallatin-TN-37066/103854655_zpid/",2025-11-21 07:06:59.381999
"80342555","$349,900",NA,"3","2","1,638",213.61,NA,"For Sale",NA,NA,NA,NA,NA,NA,NA,NA,NA,NA,NA,"https://photos.zillowstatic.com/fp/4dff87a5713b987022bf15b252f758d0-zillow_web_48_23.jpg",NA,"https://www.zillow.com/homedetails/115-Oaks-Dr-Gallatin-TN-37066/80342555_zpid/",2025-11-21 07:06:59.381999
"42378151","$450,000",NA,"3","3","2,128",211.47,NA,"For Sale",NA,NA,NA,NA,NA,NA,NA,NA,NA,NA,NA,"https://photos.zillowstatic.com/fp/4dff87a5713b987022bf15b252f758d0-zillow_web_48_23.jpg",NA,"https://www.zillow.com/homedetails/699-Rock-Bridge-Rd-Gallatin-TN-37066/42378151_zpid/",2025-11-21 07:06:59.381999
"70288484","$749,900",NA,"4","3","2,919",256.9,NA,"For Sale",NA,NA,NA,NA,NA,NA,NA,NA,NA,NA,NA,"https://photos.zillowstatic.com/fp/4dff87a5713b987022bf15b252f758d0-zillow_web_48_23.jpg",NA,"https://www.zillow.com/homedetails/1022-Harness-Cir-Gallatin-TN-37066/70288484_zpid/",2025-11-21 07:06:59.381999
